x0,y0,x1,y1,x2,y2,x3,y3,x4,y4,x5,y5,x6,y6,x7,y7,x8,y8,x9,y9,x10,y10,x11,y11,x12,y12,x13,y13,x14,y14,x15,y15
0.0006110373120750718,0.18796281270064552,0,4.35,0,1.0,0,1.6,1.0043206628025396,-0.2506293277217594,1,1.3,1,0.1,1,0.3,2.0006414916302417,3.9190895811301827,2,5.8,2,4.3,2,5.1,3.00073235129571,1.7995015089291189,3,3.0,3,2.0,3,2.8
-0.0006110373120750718,0.18796281270064552,,,0,6.9,0,5.1,0.9956793371974604,-0.2506293277217594,,,1,2.5,1,1.8,1.9993585083697585,3.9190895811301827,,,2,7.9,2,6.4,2.99926764870429,1.7995015089291189,,,3,4.4,3,3.3
-0.0008262857306586928,0.22577223166847823,,,,,,,0.994361467268209,-0.235045113372797,,,,,,,1.9991065263547638,3.9410082788072662,,,,,,,2.9989515278616103,1.813576870648424,,,,,,
-0.0011075306023979167,0.26358165063631095,,,,,,,0.9927087560452796,-0.21946089902383456,,,,,,,1.9987744564714482,3.9629269764843498,,,,,,,2.99853725419018,1.8276522323677296,,,,,,
-0.0014714884583415814,0.30139106960414364,,,,,,,0.9906575419051269,-0.20387668467487216,,,,,,,1.9983442739111679,3.9848456741614333,,,,,,,2.9980111644737164,1.8417275940870348,,,,,,
-0.001937952454391316,0.3392004885719764,,,,,,,0.9881382602641056,-0.18829247032590976,,,,,,,1.9977964501397958,4.006764371838517,,,,,,,2.9973642154589504,1.8558029558063402,,,,,,
-0.0025300015304033485,0.3770099075398091,,,,,,,0.9850766409299082,-0.17270825597694733,,,,,,,1.9971106498994982,4.0286830695156,,,,,,,2.9965944043148616,1.8698783175256455,,,,,,
-0.00327410760356541,0.4148193265076418,,,,,,,0.9813954711194447,-0.15712404162798493,,,,,,,1.9962666719562758,4.050601767192684,,,,,,,2.9957087878692175,1.883953679244951,,,,,,
-0.00420009969697856,0.4526287454754745,,,,,,,0.9770169662932141,-0.14153982727902253,,,,,,,1.995245602147038,4.0725204648697675,,,,,,,2.9947245425180467,1.8980290409642562,,,,,,
-0.005340940671004987,0.49043816444330723,,,,,,,0.9718657580271219,-0.12595561293006013,,,,,,,1.994031112999326,4.094439162546851,,,,,,,2.993668516434154,1.9121044026835616,,,,,,
-0.006732271711266377,0.52824758341114,,,,,,,0.9658724658833654,-0.11037139858109771,,,,,,,1.9926108101918487,4.1163578602239355,,,,,,,2.9925748702906114,1.9261797644028669,,,,,,
-0.008411682914818079,0.5660570023789726,,,,,,,0.9589777702277918,-0.09478718423213531,,,,,,,1.9909774979286448,4.138276557901019,,,,,,,2.9914806885261305,1.9402551261221723,,,,,,
-0.01041767611311278,0.6038664213468053,,,,,,,0.9511368479651453,-0.07920296988317291,,,,,,,1.9891302188224633,4.1601952555781025,,,,,,,2.9904198398490696,1.9543304878414776,,,,,,
-0.012788299173184525,0.6416758403146381,,,,,,,0.9423239772209027,-0.06361875553421048,,,,,,,1.9870749243173478,4.182113953255186,,,,,,,2.989415804946429,1.968405849560783,,,,,,
-0.015559449754735048,0.6794852592824708,,,,,,,0.9325370651127829,-0.04803454118524808,,,,,,,1.9848246522891972,4.20403265093227,,,,,,,2.9884745751124715,1.9824812112800883,,,,,,
-0.01876287067204453,0.7172946782503035,,,,,,,0.9218018106330759,-0.03245032683628568,,,,,,,1.982399129495049,4.225951348609353,,,,,,,2.9875789541833706,1.9965565729993937,,,,,,
-0.02242388775636117,0.7551040972181362,,,,,,,0.9101751881820962,-0.016866112487323254,,,,,,,1.9798237745756708,4.247870046286437,,,,,,,2.9866855832334123,2.010631934718699,,,,,,
-0.02655897283121334,0.792913516185969,,,,,,,0.8977479318567556,-0.001281898138360854,,,,,,,1.977128145288891,4.26978874396352,,,,,,,2.9857257130614325,2.024707296438004,,,,,,
-0.03117324674115159,0.8307229351538017,,,,,,,0.8846457204192681,0.014302316210601573,,,,,,,1.9743439417117927,4.291707441640604,,,,,,,2.98461019557935,2.03878265815731,,,,,,
-0.036258067294517325,0.8685323541216344,,,,,,,0.8710288102671822,0.029886530559563973,,,,,,,1.971502734290645,4.313626139317687,,,,,,,2.9832384388186868,2.052858019876615,,,,,,
-0.04178887101926377,0.9063417730894671,,,,,,,0.8570899385281058,0.04547074490852637,,,,,,,1.9686336218225564,4.335544836994771,,,,,,,2.9815103099368043,2.0669333815959203,,,,,,
-0.04772345217667637,0.9441511920572998,,,,,,,0.8430504175761946,0.06105495925748877,,,,,,,1.9657610329173962,4.357463534671854,,,,,,,2.979339338128308,2.0810087433152256,,,,,,
-0.054000864190988235,0.9819606110251325,,,,,,,0.829154459836401,0.07663917360645117,,,,,,,1.9629028633633183,4.379382232348938,,,,,,,2.9766652124310777,2.0950841050345312,,,,,,
-0.06054111492400208,1.0197700299929653,,,,,,,0.8156618990712918,0.09222338795541357,,,,,,,1.960069094981111,4.4013009300260215,,,,,,,2.973463583833565,2.1091594667538365,,,,,,
-0.06724579662988182,1.057579448960798,,,,,,,0.8028396007941392,0.10780760230437603,,,,,,,1.957260978090899,4.423219627703105,,,,,,,2.9697515821361633,2.1232348284731417,,,,,,
-0.07399974411451116,1.0953888679286305,,,,,,,0.7909519683634391,0.12339181665333843,,,,,,,1.9544707921324997,4.445138325380189,,,,,,,2.965588170083427,2.137310190192447,,,,,,
-0.08067375256194212,1.1331982868964634,,,,,,,0.7802510412361032,0.13897603100230083,,,,,,,1.9516821404584817,4.467057023057272,,,,,,,2.9610693269466513,2.151385551911752,,,,,,
-0.08712831350965916,1.1710077058642963,,,,,,,0.7709667378626976,0.15456024535126323,,,,,,,1.9488706966761478,4.488975720734356,,,,,,,2.956318885993057,2.165460913631058,,,,,,
-0.09321824906743734,1.2088171248321289,,,,,,,0.7632978106425974,0.17014445970022563,,,,,,,1.946005307036523,4.510894418411439,,,,,,,2.951476460218,2.179536275350363,,,,,,
-0.09879804744673173,1.2466265437999615,,,,,,,0.757404050831606,0.18572867404918803,,,,,,,1.9430493657869767,4.532813116088523,,,,,,,2.946684156431161,2.1936116370696683,,,,,,
-0.10372763457450603,1.2844359627677941,,,,,,,0.7534002082820836,0.20131288839815048,,,,,,,1.939962411437891,4.554731813765607,,,,,,,2.9420736772519653,2.207686998788974,,,,,,
-0.10787826420158098,1.3222453817356268,,,,,,,0.7513519798149744,0.21689710274711288,,,,,,,1.9367019303357629,4.576650511442691,,,,,,,2.937755028161544,2.2217623605082792,,,,,,
-0.11113817864617666,1.3600548007034599,,,,,,,0.7512742802780464,0.23248131709607528,,,,,,,1.9332253868517515,4.598569209119774,,,,,,,2.933807544245615,2.2358377222275845,,,,,,
-0.11341768848192309,1.3978642196712925,,,,,,,0.7531318543559629,0.24806553144503768,,,,,,,1.929492515395393,4.620487906796858,,,,,,,2.930273510936353,2.2499130839468897,,,,,,
-0.11465334398395176,1.4356736386391251,,,,,,,0.7568421290435359,0.26364974579400013,,,,,,,1.9254679010101907,4.642406604473941,,,,,,,2.9271544122164315,2.263988445666195,,,,,,
-0.1148109230793059,1.4734830576069577,,,,,,,0.7622800605324153,0.27923396014296253,,,,,,,1.9211238408968763,4.664325302151025,,,,,,,2.924409840572825,2.2780638073855006,,,,,,
-0.11388703616604741,1.5112924765747904,,,,,,,0.7692846077493938,0.29481817449192493,,,,,,,1.9164434231018546,4.6862439998281085,,,,,,,2.9219592772676077,2.292139169104806,,,,,,
-0.11190924120921773,1.5491018955426235,,,,,,,0.77766637769518,0.31040238884088733,,,,,,,1.9114236897176022,4.708162697505192,,,,,,,2.91968714667122,2.306214530824111,,,,,,
-0.10893466485135642,1.586911314510456,,,,,,,0.7872159409646253,0.32598660318984973,,,,,,,1.9060786817558901,4.7300813951822755,,,,,,,2.917451585753519,2.3202898925434168,,,,,,
-0.10504722774914539,1.6247207334782887,,,,,,,0.7977123109232912,0.34157081753881213,,,,,,,1.9004421031343786,4.752000092859359,,,,,,,2.915097113567285,2.334365254262722,,,,,,
-0.10035366583060264,1.6625301524461213,,,,,,,0.8089311142258288,0.35715503188777453,,,,,,,1.8945693020932866,4.773918790536443,,,,,,,2.912470798504253,2.3484406159820272,,,,,,
-0.09497861553396553,1.700339571413954,,,,,,,0.8206520472529718,0.37273924623673693,,,,,,,1.8885382572001113,4.795837488213526,,,,,,,2.909440688532842,2.3625159777013325,,,,,,
-0.08905908409469424,1.7381489903817866,,,,,,,0.8326653034969862,0.38832346058569933,,,,,,,1.8824492761975429,4.81775618589061,,,,,,,2.9059143847856435,2.3765913394206377,,,,,,
-0.08273865184984742,1.7759584093496197,,,,,,,0.8447767603976726,0.40390767493466173,,,,,,,1.8764231707644006,4.839674883567693,,,,,,,2.901854955568017,2.3906667011399434,,,,,,
-0.0761617513980601,1.8137678283174523,,,,,,,0.856811819979873,0.41949188928362413,,,,,,,1.870597757828955,4.861593581244777,,,,,,,2.897291153688199,2.4047420628592486,,,,,,
-0.06946834012677212,1.851577247285285,,,,,,,0.8686178963316185,0.43507610363258653,,,,,,,1.8651226551968803,4.88351227892186,,,,,,,2.892319286598586,2.418817424578554,,,,,,
-0.06278923234105217,1.8893866662531176,,,,,,,0.8800656269941691,0.45066031798154904,,,,,,,1.8601524802789169,4.905430976598945,,,,,,,2.8870951351924754,2.4328927862978595,,,,,,
-0.056242291031236694,1.9271960852209502,,,,,,,0.8910489498285089,0.46624453233051144,,,,,,,1.8558387170053683,4.927349674276028,,,,,,,2.8818158997562473,2.446968148017165,,,,,,
-0.04992960423588334,1.9650055041887833,,,,,,,0.9014842297772508,0.48182874667947384,,,,,,,1.8523206755250357,4.949268371953112,,,,,,,2.8766939920938817,2.46104350973647,,,,,,
-0.04393569420378751,2.002814923156616,,,,,,,0.911308641635336,0.49741296102843624,,,,,,,1.84971611648113,4.971187069630195,,,,,,,2.8719262071815796,2.4751188714557752,,,,,,
-0.038326735750754265,2.0406243421244485,,,,,,,0.9204780180357355,0.5129971753773986,,,,,,,1.8481122284163511,4.993105767307279,,,,,,,2.8676629921514376,2.4891942331750805,,,,,,
-0.03315069874469896,2.078433761092281,,,,,,,0.9289643602997275,0.528581389726361,,,,,,,1.8475577143471378,5.0150244649843625,,,,,,,2.8639828659936786,2.5032695948943857,,,,,,
-0.02843828231161002,2.116243180060114,,,,,,,0.9367531881919533,0.5441656040753234,,,,,,,1.8480567449641243,5.036943162661446,,,,,,,2.8608763902342687,2.5173449566136914,,,,,,
-0.02420447710881705,2.154052599027947,,,,,,,0.9438408774992566,0.5597498184242858,,,,,,,1.849565459690153,5.05886186033853,,,,,,,2.858242541075321,2.5314203183329966,,,,,,
-0.02045057708386598,2.1918620179957795,,,,,,,0.9502321056422827,0.5753340327732482,,,,,,,1.8519915396016946,5.080780558015613,,,,,,,2.8558982007781526,2.545495680052302,,,,,,
-0.017166462237660957,2.229671436963612,,,,,,,0.9559374981650569,0.5909182471222106,,,,,,,1.855197144959564,5.102699255692697,,,,,,,2.8535992302194293,2.5595710417716075,,,,,,
-0.01433298660604836,2.2674808559314448,,,,,,,0.9609715447175942,0.606502461471173,,,,,,,1.8590052227545748,5.12461795336978,,,,,,,2.8510696916343043,2.573646403490913,,,,,,
-0.01192432782092558,2.3052902748992774,,,,,,,0.9653508327242525,0.6220866758201354,,,,,,,1.8632088741045323,5.146536651046864,,,,,,,2.8480346456176635,2.587721765210218,,,,,,
-0.00991018279127061,2.3430996938671105,,,,,,,0.9690926300664536,0.6376708901690978,,,,,,,1.8675831624352028,5.168455348723947,,,,,,,2.8442517376355942,2.6017971269295233,,,,,,
-0.008257724946736293,2.380909112834943,,,,,,,0.972213833918594,0.6532551045180603,,,,,,,1.8718984787730644,5.190374046401031,,,,,,,2.8395374703790583,2.6158724886488285,,,,,,
-0.006933269210316351,2.4187185318027757,,,,,,,0.9747302901740792,0.6688393188670227,,,,,,,1.875934395368461,5.212292744078114,,,,,,,2.8337853763727963,2.629947850368134,,,,,,
-0.005903619113669816,2.4565279507706084,,,,,,,0.9766564755174747,0.6844235332159851,,,,,,,1.8794928607253585,5.234211441755198,,,,,,,2.8269748810528195,2.6440232120874394,,,,,,
-0.005137094633732459,2.494337369738441,,,,,,,0.9780055212613468,0.7000077475649475,,,,,,,1.8824096331087388,5.2561301394322815,,,,,,,2.8191710824183436,2.6580985738067446,,,,,,
-0.004604258498494457,2.532146788706274,,,,,,,0.9787895441755483,0.71559196191391,,,,,,,1.884563015520855,5.278048837109365,,,,,,,2.8105166607714973,2.6721739355260503,,,,,,
-0.004278372588552665,2.5699562076741067,,,,,,,0.9790202348735902,0.7311761762628723,,,,,,,1.8858792264081587,5.2999675347864486,,,,,,,2.8012175324226014,2.6862492972453555,,,,,,
-0.00413562485505949,2.6077656266419393,,,,,,,0.9787096396468586,0.7467603906118347,,,,,,,1.8863340854942139,5.321886232463532,,,,,,,2.7915237405105646,2.700324658964661,,,,,,
-0.00415517144982138,2.645575045609772,,,,,,,0.9778710582090969,0.7623446049607973,,,,,,,1.8859510705775113,5.343804930140616,,,,,,,2.7817066808571473,2.714400020683966,,,,,,
-0.004319039303280131,2.6833844645776046,,,,,,,0.9765199692223439,0.7779288193097597,,,,,,,1.884796161076189,5.365723627817699,,,,,,,2.7720334362927845,2.7284753824032713,,,,,,
-0.004611932064014268,2.7211938835454377,,,,,,,0.9746748894338446,0.7935130336587221,,,,,,,1.882970181432706,5.387642325494784,,,,,,,2.7627390599196864,2.742550744122577,,,,,,
-0.005020977986311789,2.7590033025132703,,,,,,,0.9723580723480051,0.8090972480076845,,,,,,,1.8805995548194714,5.409561023171867,,,,,,,2.7539982727744827,2.756626105841882,,,,,,
-0.0055354527841545015,2.796812721481103,,,,,,,0.9695959597960304,0.8246814623566469,,,,,,,1.8778264521399635,5.431479720848951,,,,,,,2.7458991449947967,2.7707014675611874,,,,,,
-0.006146504283220911,2.8346221404489356,,,,,,,0.9664193151455923,0.8402656767056093,,,,,,,1.8747992686520945,5.453398418526034,,,,,,,2.738422573514403,2.784776829280493,,,,,,
-0.006846899358283968,2.872431559416768,,,,,,,0.9628629900182811,0.8558498910545717,,,,,,,1.8716641952932171,5.475317116203118,,,,,,,2.731432237748412,2.7988521909997983,,,,,,
-0.0076308074453448616,2.9102409783846013,,,,,,,0.9589653061609106,0.871434105403534,,,,,,,1.8685584052689113,5.497235813880201,,,,,,,2.724679673348845,2.8129275527191036,,,,,,
-0.008493629036804723,2.948050397352434,,,,,,,0.9547670685520638,0.8870183197524965,,,,,,,1.8656050913818,5.519154511557285,,,,,,,2.717827786992846,2.827002914438409,,,,,,
-0.009431872081078258,2.9858598163202665,,,,,,,0.9503102621255769,0.9026025341014589,,,,,,,1.862910312756667,5.541073209234368,,,,,,,2.7104934974188195,2.841078276157714,,,,,,
-0.010443074146418208,3.023669235288099,,,,,,,0.9456365192908321,0.9181867484504213,,,,,,,1.8605613840579964,5.562991906911452,,,,,,,2.7023065720004786,2.8551536378770193,,,,,,
-0.01152576360610378,3.061478654255932,,,,,,,0.9407854751050208,0.9337709627993837,,,,,,,1.8586263978887474,5.5849106045885355,,,,,,,2.692977821225142,2.869228999596325,,,,,,
-0.012679449036722253,3.0992880732237644,,,,,,,0.9357931480235309,0.949355177148346,,,,,,,1.8571544273698541,5.606829302265619,,,,,,,2.6823665072721323,2.88330436131563,,,,,,
-0.013904622642777715,3.1370974921915975,,,,,,,0.9306904937011796,0.9649393914973085,,,,,,,1.8561760079306928,5.628747999942703,,,,,,,2.6705350123204044,2.897379723034936,,,,,,
-0.015202761056751283,3.17490691115943,,,,,,,0.9255022753789222,0.9805236058462709,,,,,,,1.8557036246971925,5.650666697619786,,,,,,,2.657779178319018,2.911455084754241,,,,,,
-0.016576305600564025,3.2127163301272628,,,,,,,0.9202463762883221,0.9961078201952333,,,,,,,1.8557321011040524,5.672585395296871,,,,,,,2.6446255517264827,2.9255304464735463,,,,,,
-0.018028604334545076,3.2505257490950954,,,,,,,0.9149336480331282,1.0116920345441955,,,,,,,1.8562389557067287,5.694504092973954,,,,,,,2.631791799818841,2.9396058081928516,,,,,,
-0.019563800218618782,3.288335168062928,,,,,,,0.9095683463582732,1.0272762488931582,,,,,,,1.8571849293444036,5.716422790651038,,,,,,,2.6201130209028536,2.953681169912157,,,,,,
-0.02118665360190467,3.326144587030761,,,,,,,0.904149155731891,1.0428604632421203,,,,,,,1.8585149544643684,5.738341488328121,,,,,,,2.6104433201152144,2.967756531631462,,,,,,
-0.02290229298436991,3.3639540059985937,,,,,,,0.8986707514000818,1.058444677591083,,,,,,,1.8601598278135831,5.760260186005205,,,,,,,2.6035474292205776,2.9818318933507677,,,,,,
-0.02471589525681604,3.4017634249664264,,,,,,,0.893125797218749,1.0740288919400451,,,,,,,1.8620387594438377,5.782178883682288,,,,,,,2.6,2.995907255070073,,,,,,
-0.026632304858541896,3.439572843934259,,,,,,,0.8875072347798252,1.0896131062890078,,,,,,,1.8640628243400972,5.804097581359372,,,,,,,2.6001096593936257,3.0099826167893786,,,,,,
-0.02865560968979369,3.4773822629020916,,,,,,,0.8818106886599357,1.10519732063797,,,,,,,1.866139169875416,5.826016279036455,,,,,,,2.6038808889631886,3.024057978508684,,,,,,
-0.03078869920245776,3.5151916818699243,,,,,,,0.8760367973839002,1.1207815349869326,,,,,,,1.868175670637311,5.847934976713539,,,,,,,2.6110200220022453,3.038133340227989,,,,,,
-0.033032835834854384,3.5530011008377573,,,,,,,0.8701932816743327,1.1363657493358947,,,,,,,1.8700856079747958,5.8698536743906224,,,,,,,2.6209835639124677,3.0522087019472943,,,,,,
-0.03538727391062671,3.59081051980559,,,,,,,0.864296580677695,1.1519499636848574,,,,,,,1.8717919113844697,5.891772372067706,,,,,,,2.6330593915791987,3.0662840636665996,,,,,,
-0.037848959585956514,3.6286199387734226,,,,,,,0.8583729211859892,1.16753417803382,,,,,,,1.8732305438390142,5.9136910697447895,,,,,,,2.646465808174955,3.080359425385905,,,,,,
-0.04041234108353835,3.6664293577412552,,,,,,,0.852458730832298,1.1831183923827822,,,,,,,1.8743527367268036,5.935609767421873,,,,,,,2.660451018674772,3.0944347871052105,,,,,,
-0.04306931045389983,3.704238776709088,,,,,,,0.8466003590131974,1.1987026067317448,,,,,,,1.875125958784563,5.957528465098957,,,,,,,2.674376668888734,3.1085101488245157,,,,,,
-0.045809287123185216,3.742048195676921,,,,,,,0.8408531234060206,1.214286821080707,,,,,,,1.8755337017034297,5.97944716277604,,,,,,,2.6877731886383227,3.1225855105438214,,,,,,
-0.048619440654682544,3.7798576146447536,,,,,,,0.8352797499266614,1.2298710354296696,,,,,,,1.8755743426152502,6.001365860453124,,,,,,,2.7003607351256553,3.1366608722631266,,,,,,
-0.05148503694288671,3.817667033612586,,,,,,,0.8299483149977325,1.2454552497786318,,,,,,,1.8752594637686124,6.023284558130207,,,,,,,2.7120362012992865,3.150736233982432,,,,,,
-0.05438988009779623,3.855476452580419,,,,,,,0.8249298274881336,1.2610394641275944,,,,,,,1.874612047306728,6.045203255807291,,,,,,,2.722832732825234,3.164811595701737,,,,,,
-0.05731681310798697,3.8932858715482515,,,,,,,0.8202956017150083,1.2766236784765566,,,,,,,1.8736649102037652,6.067121953484374,,,,,,,2.732862471702607,3.1788869574210423,,,,,,
-0.06024823522505246,3.9310952905160845,,,,,,,0.8161145723818437,1.2922078928255192,,,,,,,1.872459612248715,6.089040651161458,,,,,,,2.742255225328216,3.1929623191403476,,,,,,
-0.06316659360874687,3.968904709483917,,,,,,,0.8124506889629151,1.3077921071744814,,,,,,,1.8710458866895459,6.110959348838541,,,,,,,2.751105314596248,3.207037680859653,,,,,,
-0.0660548111922758,4.006714128451749,,,,,,,0.8093605040220062,1.323376321523444,,,,,,,1.8694814483379851,6.132878046515625,,,,,,,2.7594362651319435,3.2211130425789585,,,,,,
-0.06889662138254075,4.044523547419582,,,,,,,0.8068910414456913,1.3389605358724062,,,,,,,1.8678318703884635,6.1547967441927085,,,,,,,2.7671888792506607,3.2351884042982637,,,,,,
-0.0716767919209965,4.082332966387415,,,,,,,0.8050780011034293,1.3545447502213688,,,,,,,1.8661701260823669,6.176715441869792,,,,,,,2.7742333790766756,3.2492637660175694,,,,,,
-0.07438123340102522,4.120142385355248,,,,,,,0.8039443302201674,1.370128964570331,,,,,,,1.8645753884390073,6.198634139546876,,,,,,,2.7804016336669553,3.2633391277368746,,,,,,
-0.07699700080142373,4.157951804323081,,,,,,,0.8034991720222775,1.3857131789192936,,,,,,,1.86313077602224,6.220552837223959,,,,,,,2.785531795143043,3.27741448945618,,,,,,
-0.07951220729353918,4.195761223290913,,,,,,,0.8037371908429053,1.4012973932682558,,,,,,,1.8619199109926488,6.242471534901044,,,,,,,2.789515586363681,3.291489851175485,,,,,,
-0.08191587721788532,4.233570642258746,,,,,,,0.8046382700343881,1.4168816076172184,,,,,,,1.8610223865133546,6.264390232578127,,,,,,,2.792338315105013,3.3055652128947903,,,,,,
-0.08419776877064464,4.271380061226578,,,,,,,0.8061675832652432,1.4324658219661806,,,,,,,1.8605084820236284,6.286308930255211,,,,,,,2.7941033927016568,3.3196405746140956,,,,,,
-0.08634819651198802,4.309189480194411,,,,,,,0.8082760482234355,1.4480500363151432,,,,,,,1.8604336720666832,6.308227627932294,,,,,,,2.7950363260712123,3.3337159363334012,,,,,,
-0.08835787985993976,4.3469988991622435,,,,,,,0.8109011806566508,1.4636342506641054,,,,,,,1.8608336076151808,6.330146325609378,,,,,,,2.7954671854423765,3.3477912980527065,,,,,,
-0.09021783731689753,4.3848083181300765,,,,,,,0.8139683720489657,1.479218465013068,,,,,,,1.8617202808077067,6.352065023286461,,,,,,,2.795794637945886,3.361866659772012,,,,,,
-0.09191933861856422,4.422617737097909,,,,,,,0.8173926124949419,1.4948026793620302,,,,,,,1.8630800041472737,6.373983720963545,,,,,,,2.7964379953894802,3.3759420214913174,,,,,,
-0.09345391963565064,4.460427156065742,,,,,,,0.8210806690010253,1.5103868937109928,,,,,,,1.8648736512879007,6.395902418640628,,,,,,,2.797785722472102,3.3900173832106226,,,,,,
-0.09481345878929097,4.498236575033575,,,,,,,0.8249337076072142,1.525971108059955,,,,,,,1.867039343041441,6.417821116317712,,,,,,,2.80014914008501,3.404092744929928,,,,,,
-0.09599030960808798,4.536045994001407,,,,,,,0.8288503163022427,1.5415553224089176,,,,,,,1.8694974562514628,6.439739813994796,,,,,,,2.8037286467486364,3.418168106649233,,,,,,
-0.09697748195791628,4.57385541296924,,,,,,,0.8327298474511791,1.5571395367578802,,,,,,,1.8721575285230794,6.46165851167188,,,,,,,2.8085970405376286,3.4322434683685383,,,,,,
-0.09776886398595608,4.611664831937072,,,,,,,0.8364759576493227,1.5727237511068424,,,,,,,1.8749263724594942,6.483577209348963,,,,,,,2.814701102151175,3.446318830087844,,,,,,
-0.09835947711237161,4.649474250904905,,,,,,,0.8400001848471501,1.588307965455805,,,,,,,1.8777165368350592,6.505495907026047,,,,,,,2.821879264468774,3.4603941918071492,,,,,,
-0.09874575647574682,4.6872836698727385,,,,,,,0.8432253728416123,1.6038921798047672,,,,,,,1.8804541852549477,6.5274146047031305,,,,,,,2.8298906397681365,3.474469553526455,,,,,,
-0.09892584817960176,4.725093088840571,,,,,,,0.8460887368997716,1.6194763941537298,,,,,,,1.8830855161988949,6.549333302380214,,,,,,,2.838449355737853,3.48854491524576,,,,,,
-0.09889991192541556,4.762902507808404,,,,,,,0.8485443652409164,1.635060608502692,,,,,,,1.8855810157781672,6.571252000057298,,,,,,,2.847258182834155,3.5026202769650654,,,,,,
-0.09867041310709074,4.800711926776236,,,,,,,0.8505649713826497,1.6506448228516546,,,,,,,1.8879370935467161,6.593170697734381,,,,,,,2.8560366086788793,3.5166956386843706,,,,,,
-0.09824238274035607,4.838521345744069,,,,,,,0.8521427517620662,1.6662290372006168,,,,,,,1.8901749665081273,6.615089395411465,,,,,,,2.864540393805621,3.530771000403676,,,,,,
-0.09762361781532014,4.876330764711902,,,,,,,0.853289259060521,1.6818132515495794,,,,,,,1.892336983186042,6.637008093088548,,,,,,,2.87257171411743,3.544846362122981,,,,,,
-0.09682479026753517,4.914140183679734,,,,,,,0.8540342696568756,1.6973974658985416,,,,,,,1.8944808730465335,6.658926790765632,,,,,,,2.879980812527262,3.5589217238422868,,,,,,
-0.09585943133011733,4.951949602647567,,,,,,,0.854423697344229,1.7129816802475042,,,,,,,1.8966726272469734,6.680845488442715,,,,,,,2.8866613576752442,3.572997085561592,,,,,,
-0.09474376089035881,4.9897590216153995,,,,,,,0.8545166776789641,1.7285658945964664,,,,,,,1.8989788373692398,6.702764186119799,,,,,,,2.8925423353137463,3.5870724472808977,,,,,,
-0.0934963394173308,5.027568440583233,,,,,,,0.8543820108149032,1.744150108945429,,,,,,,1.9014593286512353,6.724682883796882,,,,,,,2.897579319315124,3.601147809000203,,,,,,
-0.09213753306012476,5.065377859551066,,,,,,,0.8540941989187737,1.7597343232943912,,,,,,,1.9041608301325517,6.746601581473966,,,,,,,2.9017475115166818,3.615223170719508,,,,,,
-0.09068879975737738,5.103187278518898,,,,,,,0.8537293423379376,1.7753185376433538,,,,,,,1.907112248531326,6.7685202791510495,,,,,,,2.905038158278336,3.6292985324388134,,,,,,
-0.08917182392014987,5.140996697486731,,,,,,,0.8533611638238011,1.790902751992316,,,,,,,1.9103218885394293,6.790438976828133,,,,,,,2.9074589962014157,3.6433738941581186,,,,,,
-0.08760754707980221,5.178806116454563,,,,,,,0.8530574120126487,1.8064869663412786,,,,,,,1.9137767261730907,6.812357674505217,,,,,,,2.9090383848742656,3.657449255877424,,,,,,
-0.08601515914151561,5.216615535422396,,,,,,,0.8528768562403473,1.8220711806902408,,,,,,,1.9174436270063326,6.8342763721823,,,,,,,2.909831877767093,3.671524617596729,,,,,,
-0.08441112695213632,5.254424954390229,,,,,,,0.8528670290440395,1.8376553950392034,,,,,,,1.9212722315760846,6.856195069859384,,,,,,,2.909929289497642,3.685599979316035,,,,,,
-0.08280834167996741,5.2922343733580615,,,,,,,0.8530628064672737,1.8532396093881656,,,,,,,1.925199117846805,6.878113767536467,,,,,,,2.9094599593275037,3.69967534103534,,,,,,
-0.0812154627712865,5.3300437923258945,,,,,,,0.8534858465286909,1.8688238237371282,,,,,,,1.929152795162127,6.900032465213551,,,,,,,2.908593982844979,3.7137507027546457,,,,,,
-0.07963652383687654,5.367853211293727,,,,,,,0.854144839996819,1.8844080380860904,,,,,,,1.9330590762128277,6.921951162890634,,,,,,,2.907537727219762,3.727826064473951,,,,,,
-0.07807084572785483,5.40566263026156,,,,,,,0.8550364712297105,1.899992252435053,,,,,,,1.9368463992362015,6.943869860567718,,,,,,,2.9065229157130745,3.741901426193256,,,,,,
-0.07651327632278596,5.443472049229393,,,,,,,0.8561469451145435,1.9155764667840152,,,,,,,1.9404507181872213,6.965788558244801,,,,,,,2.9057898180305783,3.7559767879125614,,,,,,
-0.07495474797947374,5.481281468197225,,,,,,,0.8574539119422094,1.9311606811329778,,,,,,,1.943819634173366,6.987707255921885,,,,,,,2.9055663764515556,3.7700521496318666,,,,,,
-0.07338311540271651,5.519090887165058,,,,,,,0.8589286160485291,1.94674489548194,,,,,,,1.9469155027825071,7.0096259535989685,,,,,,,2.9060461455823976,3.784127511351172,,,,,,
-0.07178421198603456,5.55690030613289,,,,,,,0.8605381047906395,1.9623291098309026,,,,,,,1.9497173197571165,7.031544651276053,,,,,,,2.9073684576916743,3.7982028730704775,,,,,,
-0.07014304416326535,5.594709725100723,,,,,,,0.862247358645772,1.9779133241798648,,,,,,,1.9522212650043553,7.053463348953136,,,,,,,2.909604075451386,3.8122782347897832,,,,,,
-0.06844503279513639,5.6325191440685565,,,,,,,0.8640212363994613,1.9934975385288274,,,,,,,1.9544398747340448,7.07538204663022,,,,,,,2.9127487484876475,3.8263535965090885,,,,,,
-0.06667720892521319,5.670328563036389,,,,,,,0.8658261664186675,2.0090817528777896,,,,,,,1.9563999126459741,7.0973007443073035,,,,,,,2.9167257170594865,3.8404289582283937,,,,,,
-0.0648292780960459,5.708137982004222,,,,,,,0.8676315508828022,2.024665967226752,,,,,,,1.9581391176260425,7.119219441984387,,,,,,,2.9213966159646736,3.854504319947699,,,,,,
-0.06289448157311313,5.745947400972054,,,,,,,0.8694108803287086,2.0402501815757144,,,,,,,1.9597021067799005,7.141138139661471,,,,,,,2.9265787940780488,3.868579681667004,,,,,,
-0.060870202299386056,5.783756819939887,,,,,,,0.8711425779647048,2.055834395924677,,,,,,,1.9611357956021067,7.163056837338554,,,,,,,2.9320661031813717,3.8826550433863094,,,,,,
-0.058758285803116865,5.821566238907719,,,,,,,0.8728106054814093,2.071418610273639,,,,,,,1.9624847488141342,7.184975535015638,,,,,,,2.937649910288814,3.8967304051056146,,,,,,
-0.056565069150148244,5.859375657875552,,,,,,,0.874404864697879,2.087002824622602,,,,,,,1.9637868866300634,7.206894232692721,,,,,,,2.943137454746507,3.91080576682492,,,,,,
-0.05430113217286719,5.897185076843385,,,,,,,0.8759214239337522,2.102587038971564,,,,,,,1.965069938552591,7.228812930369806,,,,,,,2.9483655414460124,3.924881128544226,,,,,,
-0.05198080292691398,5.9349944958112175,,,,,,,0.8773625871729764,2.1181712533205266,,,,,,,1.9663489636793425,7.250731628046889,,,,,,,2.953208667785016,3.9389564902635312,,,,,,
-0.049621462570851455,5.972803914779051,,,,,,,0.8787368111506152,2.1337554676694888,,,,,,,1.9676251523444792,7.272650325723973,,,,,,,2.9575817426223,3.9530318519828365,,,,,,
-0.04724270324448276,6.010613333746883,,,,,,,0.8800584637615416,2.1493396820184514,,,,,,,1.9688860020619603,7.294569023401056,,,,,,,2.9614383526489654,3.9671072137021417,,,,,,
-0.04486539623491155,6.048422752714716,,,,,,,0.8813474094928965,2.164923896367414,,,,,,,1.9701068355826792,7.31648772107814,,,,,,,2.9647659577250645,3.981182575421447,,,,,,
-0.04251072739388524,6.086232171682549,,,,,,,0.8826284058619336,2.180508110716376,,,,,,,1.971253513223044,7.338406418755223,,,,,,,2.9675794583672475,3.995257937140752,,,,,,
-0.0401992532744307,6.124041590650381,,,,,,,0.8839302998838787,2.196092325065339,,,,,,,1.9722860947931624,7.360325116432307,,,,,,,2.969914366112224,4.009333298860057,,,,,,
-0.03795002571050045,6.161851009618214,,,,,,,0.8852850249597279,2.211676539414301,,,,,,,1.973163133688121,7.3822438141093905,,,,,,,2.9718204482398627,4.023408660579363,,,,,,
-0.03577982539048715,6.199660428586046,,,,,,,0.8867264147099765,2.2272607537632636,,,,,,,1.973846238771297,7.404162511786474,,,,,,,2.9733563321316616,4.037484022298669,,,,,,
-0.03370253699749801,6.2374698475538795,,,,,,,0.8882888688066816,2.242844968112226,,,,,,,1.9743045183065753,7.4260812094635575,,,,,,,2.974585224952266,4.051559384017974,,,,,,
-0.03172869010296752,6.2752792665217125,,,,,,,0.8900059239608801,2.2584291824611884,,,,,,,1.9745185237117373,7.447999907140641,,,,,,,2.975571670059429,4.065634745737279,,,,,,
-0.029865181405594535,6.313088685489545,,,,,,,0.8919087981094919,2.2740133968101506,,,,,,,1.9744833393633094,7.469918604817725,,,,,,,2.976379124267064,4.0797101074565845,,,,,,
-0.028115185181426867,6.350898104457378,,,,,,,0.8940249851651026,2.289597611159113,,,,,,,1.9742105190406496,7.491837302494808,,,,,,,2.977068081198823,4.09378546917589,,,,,,
-0.02647824999968734,6.38870752342521,,,,,,,0.8963769798838036,2.3051818255080754,,,,,,,1.9737286507967302,7.513756000171892,,,,,,,2.977694463597241,4.107860830895195,,,,,,
-0.024950570967426814,6.426516942393043,,,,,,,0.8989812069139426,2.320766039857038,,,,,,,1.9730824392956479,7.535674697848975,,,,,,,2.9783080475037567,4.1219361926145,,,,,,
-0.02352541821998616,6.464326361360876,,,,,,,0.9018472154110311,2.336350254206,,,,,,,1.9723303235357574,7.557593395526059,,,,,,,2.9789507596101523,4.136011554333805,,,,,,
-0.02219369444335839,6.502135780328708,,,,,,,0.9049771821872103,2.351934468554963,,,,,,,1.9715407889847443,7.579512093203142,,,,,,,2.9796548059196186,4.150086916053111,,,,,,
-0.02094458739220313,6.539945199296541,,,,,,,0.9083657443563606,2.367518682903925,,,,,,,1.970787672021459,7.601430790880226,,,,,,,2.9804407394999046,4.164162277772417,,,,,,
-0.01976627821090323,6.577754618264374,,,,,,,0.9120001593533904,2.3831028972528876,,,,,,,1.9701448731528124,7.623349488557309,,,,,,,2.981315737478037,4.178237639491722,,,,,,
-0.018646663410611317,6.615564037232207,,,,,,,0.9158607685593356,2.3986871116018498,,,,,,,1.969680975053862,7.645268186234393,,,,,,,2.9822724956823112,4.192313001211027,,,,,,
-0.01757404802258727,6.65337345620004,,,,,,,0.9199217227130144,2.4142713259508124,,,,,,,1.9694542865527744,7.6671868839114765,,,,,,,2.98328921655546,4.2063883629303325,,,,,,
-0.016537769956060246,6.691182875167872,,,,,,,0.9241519143753918,2.4298555402997746,,,,,,,1.9695087957131376,7.68910558158856,,,,,,,2.9843311195440774,4.220463724649638,,,,,,
-0.0155287208956538,6.728992294135705,,,,,,,0.9285160556981972,2.445439754648737,,,,,,,1.9698714153283858,7.711024279265644,,,,,,,2.9853537221591417,4.234539086368943,,,,,,
-0.014539736854172515,6.766801713103537,,,,,,,0.9329758385926673,2.4610239689976994,,,,,,,1.9705507541714007,7.732942976942727,,,,,,,2.986307838413156,4.248614448088248,,,,,,
-0.013565841161689053,6.80461113207137,,,,,,,0.9374911183460546,2.476608183346662,,,,,,,1.9715374681014763,7.754861674619811,,,,,,,2.98714587209521,4.262689809807553,,,,,,
-0.012604333424225395,6.842420551039202,,,,,,,0.9420210695211013,2.492192397695624,,,,,,,1.9728060630842816,7.776780372296894,,,,,,,2.987828627672059,4.2767651715268595,,,,,,
-0.011654728907083243,6.8802299700070355,,,,,,,0.9465252730529531,2.507776612044587,,,,,,,1.9743178644855974,7.798699069973978,,,,,,,2.9883316136570546,4.290840533246165,,,,,,
-0.01071856295421348,6.918039388974869,,,,,,,0.9509647042714887,2.523360826393549,,,,,,,1.9760247563342819,7.820617767651061,,,,,,,2.988649749149747,4.30491589496547,,,,,,
-0.009799083599200415,6.955848807942701,,,,,,,0.9553026017823824,2.5389450407425116,,,,,,,1.9778732445642169,7.842536465328146,,,,,,,2.988799543303273,4.318991256684775,,,,,,
-0.008900861788876962,6.993658226910534,,,,,,,0.959505205773747,2.554529255091474,,,,,,,1.9798084124089212,7.864455163005229,,,,,,,2.9888181877936852,4.3330666184040805,,,,,,
-0.008029352207735475,7.031467645878366,,,,,,,0.9635423608727827,2.5701134694404364,,,,,,,1.9817774059629707,7.886373860682313,,,,,,,2.988759520085519,4.347141980123386,,,,,,
-0.0071904384218619034,7.069277064846199,,,,,,,0.9673879831079416,2.585697683789399,,,,,,,1.9837321965503565,7.908292558359396,,,,,,,2.988687377422425,4.361217341842691,,,,,,
-0.006389994097037288,7.107086483814032,,,,,,,0.971020393160217,2.601281898138361,,,,,,,1.9856314923054124,7.93021125603648,,,,,,,2.9886673490689226,4.375292703561996,,,,,,
-0.005633487775327313,7.144895902781864,,,,,,,0.9744225194791744,2.616866112487324,,,,,,,1.9874417924709067,7.9521299537135635,,,,,,,2.988758240421789,4.389368065281302,,,,,,
-0.004925652693115137,7.1827053217496974,,,,,,,0.977581975653478,2.632450326836286,,,,,,,1.9891376765296995,7.974048651390647,,,,,,,2.989004618136665,4.4034434270006075,,,,,,
-0.004270236077083379,7.22051474071753,,,,,,,0.9804910172670155,2.6480345411852486,,,,,,,1.9907014853946483,7.9959673490677305,,,,,,,2.989431596587812,4.417518788719913,,,,,,
-0.0036698349783911774,7.258324159685363,,,,,,,0.983146384779284,2.663618755534211,,,,,,,1.9921225802982065,8.017886046744813,,,,,,,2.9900425983754637,4.431594150439218,,,,,,
-0.003125818667341839,7.296133578653196,,,,,,,0.9855490409499503,2.6792029698831734,,,,,,,1.9933963606324832,8.039804744421897,,,,,,,2.9908202694555532,4.445669512158523,,,,,,
-0.002638331469346316,7.333942997621028,,,,,,,0.9877038139445451,2.6947871842321356,,,,,,,1.9945231936483756,8.06172344209898,,,,,,,2.9917301725665606,4.4597448738778285,,,,,,
-0.002206365082881807,7.371752416588861,,,,,,,0.9896189602621625,2.710371398581098,,,,,,,1.9955073677028317,8.083642139776064,,,,,,,2.992726436742046,4.473820235597134,,,,,,
-0.001827886112033652,7.409561835556693,,,,,,,0.9913056646255066,2.7259556129300604,,,,,,,1.9963561372652574,8.105560837453147,,,,,,,2.9937582897332913,4.487895597316439,,,,,,
-0.001500002827109442,7.447371254524526,,,,,,,0.9927774965224422,2.741539827279023,,,,,,,1.9970788903142849,8.127479535130231,,,,,,,2.994776377706612,4.501970959035744,,,,,,
-0.0012191549394742162,7.485180673492359,,,,,,,0.9940498447728998,2.757124041627985,,,,,,,1.9976864417438278,8.149398232807316,,,,,,,2.9957379616882593,4.51604632075505,,,,,,
-0.000981311222697346,7.522990092460192,,,,,,,0.9951393520080665,2.772708255976948,,,,,,,1.9981904411089162,8.1713169304844,,,,,,,2.9966104079102434,4.5301216824743555,,,,,,
-0.0007821618324653352,7.560799511428025,,,,,,,0.9960633701364375,2.78829247032591,,,,,,,1.998602877868793,8.193235628161483,,,,,,,2.997372771401797,4.544197044193661,,,,,,
-0.000617294836001558,7.598608930395857,,,,,,,0.9968394557512764,2.8038766846748726,,,,,,,1.9989356690153794,8.215154325838567,,,,,,,2.998015622262129,4.558272405912966,,,,,,
-0.0004823494232866683,7.63641834936369,,,,,,,0.997484921184224,2.819460899023835,,,,,,,1.9992003189945535,8.23707302351565,,,,,,,2.998539517539623,4.572347767632271,,,,,,
-0.00037314123671062003,7.674227768331523,,,,,,,0.9980164528336187,2.8350451133727974,,,,,,,1.9994076470657989,8.258991721192734,,,,,,,2.9989526476787285,4.5864231293515765,,,,,,
-0.00028575797942074344,7.712037187299355,,,,,,,0.998449803872791,2.8506293277217596,,,,,,,1.99956758072011,8.280910418869817,,,,,,,2.999268188577209,4.600498491070882,,,,,,
0.00028575797942074344,7.712037187299355,,,,,,,1.001550196127209,2.8506293277217596,,,,,,,2.00043241927989,8.280910418869817,,,,,,,3.000731811422791,4.600498491070882,,,,,,
0.00028575797942074344,7.712037187299355,,,,,,,1.001550196127209,2.8506293277217596,,,,,,,2.00043241927989,8.280910418869817,,,,,,,3.000731811422791,4.600498491070882,,,,,,
0.00037314123671062003,7.674227768331523,,,,,,,1.0019835471663814,2.8350451133727974,,,,,,,2.000592352934201,8.258991721192734,,,,,,,3.0010473523212715,4.5864231293515765,,,,,,
0.0004823494232866683,7.63641834936369,,,,,,,1.002515078815776,2.819460899023835,,,,,,,2.0007996810054465,8.23707302351565,,,,,,,3.001460482460377,4.572347767632271,,,,,,
0.000617294836001558,7.598608930395857,,,,,,,1.0031605442487237,2.8038766846748726,,,,,,,2.0010643309846206,8.215154325838567,,,,,,,3.001984377737871,4.558272405912966,,,,,,
0.0007821618324653352,7.560799511428025,,,,,,,1.0039366298635626,2.78829247032591,,,,,,,2.0013971221312072,8.193235628161483,,,,,,,3.002627228598203,4.544197044193661,,,,,,
0.000981311222697346,7.522990092460192,,,,,,,1.0048606479919335,2.772708255976948,,,,,,,2.001809558891084,8.1713169304844,,,,,,,3.0033895920897566,4.5301216824743555,,,,,,
0.0012191549394742162,7.485180673492359,,,,,,,1.0059501552271002,2.757124041627985,,,,,,,2.0023135582561724,8.149398232807316,,,,,,,3.0042620383117407,4.51604632075505,,,,,,
0.001500002827109442,7.447371254524526,,,,,,,1.0072225034775577,2.741539827279023,,,,,,,2.002921109685715,8.127479535130231,,,,,,,3.005223622293388,4.501970959035744,,,,,,
0.001827886112033652,7.409561835556693,,,,,,,1.0086943353744935,2.7259556129300604,,,,,,,2.0036438627347426,8.105560837453147,,,,,,,3.0062417102667087,4.487895597316439,,,,,,
0.002206365082881807,7.371752416588861,,,,,,,1.0103810397378377,2.710371398581098,,,,,,,2.0044926322971683,8.083642139776064,,,,,,,3.007273563257954,4.473820235597134,,,,,,
0.002638331469346316,7.333942997621028,,,,,,,1.012296186055455,2.6947871842321356,,,,,,,2.0054768063516244,8.06172344209898,,,,,,,3.0082698274334394,4.4597448738778285,,,,,,
0.003125818667341839,7.296133578653196,,,,,,,1.0144509590500497,2.6792029698831734,,,,,,,2.006603639367517,8.039804744421897,,,,,,,3.0091797305444468,4.445669512158523,,,,,,
0.0036698349783911774,7.258324159685363,,,,,,,1.016853615220716,2.663618755534211,,,,,,,2.0078774197017935,8.017886046744813,,,,,,,3.0099574016245363,4.431594150439218,,,,,,
0.004270236077083379,7.22051474071753,,,,,,,1.0195089827329846,2.6480345411852486,,,,,,,2.009298514605352,7.9959673490677305,,,,,,,3.010568403412188,4.417518788719913,,,,,,
0.004925652693115137,7.1827053217496974,,,,,,,1.022418024346522,2.632450326836286,,,,,,,2.0108623234703003,7.974048651390647,,,,,,,3.010995381863335,4.4034434270006075,,,,,,
0.005633487775327313,7.144895902781864,,,,,,,1.0255774805208258,2.616866112487324,,,,,,,2.0125582075290933,7.9521299537135635,,,,,,,3.011241759578211,4.389368065281302,,,,,,
0.006389994097037288,7.107086483814032,,,,,,,1.028979606839783,2.601281898138361,,,,,,,2.014368507694588,7.93021125603648,,,,,,,3.0113326509310774,4.375292703561996,,,,,,
0.0071904384218619034,7.069277064846199,,,,,,,1.0326120168920585,2.585697683789399,,,,,,,2.0162678034496433,7.908292558359396,,,,,,,3.011312622577575,4.361217341842691,,,,,,
0.008029352207735475,7.031467645878366,,,,,,,1.0364576391272173,2.5701134694404364,,,,,,,2.018222594037029,7.886373860682313,,,,,,,3.011240479914481,4.347141980123386,,,,,,
0.008900861788876962,6.993658226910534,,,,,,,1.040494794226253,2.554529255091474,,,,,,,2.0201915875910785,7.864455163005229,,,,,,,3.0111818122063148,4.3330666184040805,,,,,,
0.009799083599200415,6.955848807942701,,,,,,,1.0446973982176178,2.5389450407425116,,,,,,,2.0221267554357834,7.842536465328146,,,,,,,3.011200456696727,4.318991256684775,,,,,,
0.01071856295421348,6.918039388974869,,,,,,,1.0490352957285114,2.523360826393549,,,,,,,2.0239752436657183,7.820617767651061,,,,,,,3.011350250850253,4.30491589496547,,,,,,
0.011654728907083243,6.8802299700070355,,,,,,,1.053474726947047,2.507776612044587,,,,,,,2.0256821355144026,7.798699069973978,,,,,,,3.0116683863429454,4.290840533246165,,,,,,
0.012604333424225395,6.842420551039202,,,,,,,1.0579789304788987,2.492192397695624,,,,,,,2.0271939369157184,7.776780372296894,,,,,,,3.012171372327941,4.2767651715268595,,,,,,
0.013565841161689053,6.80461113207137,,,,,,,1.0625088816539454,2.476608183346662,,,,,,,2.0284625318985237,7.754861674619811,,,,,,,3.01285412790479,4.262689809807553,,,,,,
0.014539736854172515,6.766801713103537,,,,,,,1.0670241614073328,2.4610239689976994,,,,,,,2.0294492458285993,7.732942976942727,,,,,,,3.013692161586844,4.248614448088248,,,,,,
0.0155287208956538,6.728992294135705,,,,,,,1.071483944301803,2.445439754648737,,,,,,,2.030128584671614,7.711024279265644,,,,,,,3.0146462778408583,4.234539086368943,,,,,,
0.016537769956060246,6.691182875167872,,,,,,,1.0758480856246082,2.4298555402997746,,,,,,,2.0304912042868626,7.68910558158856,,,,,,,3.0156688804559226,4.220463724649638,,,,,,
0.01757404802258727,6.65337345620004,,,,,,,1.0800782772869857,2.4142713259508124,,,,,,,2.0305457134472253,7.6671868839114765,,,,,,,3.01671078344454,4.2063883629303325,,,,,,
0.018646663410611317,6.615564037232207,,,,,,,1.0841392314406644,2.3986871116018498,,,,,,,2.030319024946138,7.645268186234393,,,,,,,3.0177275043176888,4.192313001211027,,,,,,
0.01976627821090323,6.577754618264374,,,,,,,1.0879998406466096,2.3831028972528876,,,,,,,2.0298551268471874,7.623349488557309,,,,,,,3.018684262521963,4.178237639491722,,,,,,
0.02094458739220313,6.539945199296541,,,,,,,1.0916342556436394,2.367518682903925,,,,,,,2.029212327978541,7.601430790880226,,,,,,,3.0195592605000954,4.164162277772417,,,,,,
0.02219369444335839,6.502135780328708,,,,,,,1.0950228178127897,2.351934468554963,,,,,,,2.0284592110152557,7.579512093203142,,,,,,,3.0203451940803814,4.150086916053111,,,,,,
0.02352541821998616,6.464326361360876,,,,,,,1.098152784588969,2.336350254206,,,,,,,2.0276696764642423,7.557593395526059,,,,,,,3.0210492403898477,4.136011554333805,,,,,,
0.024950570967426814,6.426516942393043,,,,,,,1.1010187930860575,2.320766039857038,,,,,,,2.0269175607043524,7.535674697848975,,,,,,,3.0216919524962433,4.1219361926145,,,,,,
0.02647824999968734,6.38870752342521,,,,,,,1.1036230201161965,2.3051818255080754,,,,,,,2.02627134920327,7.513756000171892,,,,,,,3.022305536402759,4.107860830895195,,,,,,
0.028115185181426867,6.350898104457378,,,,,,,1.1059750148348972,2.289597611159113,,,,,,,2.02578948095935,7.491837302494808,,,,,,,3.022931918801177,4.09378546917589,,,,,,
0.029865181405594535,6.313088685489545,,,,,,,1.1080912018905082,2.2740133968101506,,,,,,,2.025516660636691,7.469918604817725,,,,,,,3.023620875732936,4.0797101074565845,,,,,,
0.03172869010296752,6.2752792665217125,,,,,,,1.1099940760391198,2.2584291824611884,,,,,,,2.0254814762882627,7.447999907140641,,,,,,,3.024428329940571,4.065634745737279,,,,,,
0.03370253699749801,6.2374698475538795,,,,,,,1.1117111311933183,2.242844968112226,,,,,,,2.025695481693425,7.4260812094635575,,,,,,,3.025414775047734,4.051559384017974,,,,,,
0.03577982539048715,6.199660428586046,,,,,,,1.1132735852900235,2.2272607537632636,,,,,,,2.026153761228703,7.404162511786474,,,,,,,3.0266436678683384,4.037484022298669,,,,,,
0.03795002571050045,6.161851009618214,,,,,,,1.114714975040272,2.211676539414301,,,,,,,2.026836866311879,7.3822438141093905,,,,,,,3.0281795517601373,4.023408660579363,,,,,,
0.0401992532744307,6.124041590650381,,,,,,,1.1160697001161213,2.196092325065339,,,,,,,2.0277139052068374,7.360325116432307,,,,,,,3.030085633887776,4.009333298860057,,,,,,
0.04251072739388524,6.086232171682549,,,,,,,1.1173715941380664,2.180508110716376,,,,,,,2.028746486776956,7.338406418755223,,,,,,,3.0324205416327525,3.995257937140752,,,,,,
0.04486539623491155,6.048422752714716,,,,,,,1.1186525905071034,2.164923896367414,,,,,,,2.029893164417321,7.31648772107814,,,,,,,3.0352340422749355,3.981182575421447,,,,,,
0.04724270324448276,6.010613333746883,,,,,,,1.1199415362384584,2.1493396820184514,,,,,,,2.0311139979380397,7.294569023401056,,,,,,,3.0385616473510346,3.9671072137021417,,,,,,
0.049621462570851455,5.972803914779051,,,,,,,1.1212631888493847,2.1337554676694888,,,,,,,2.032374847655521,7.272650325723973,,,,,,,3.0424182573777,3.9530318519828365,,,,,,
0.05198080292691398,5.9349944958112175,,,,,,,1.1226374128270236,2.1181712533205266,,,,,,,2.0336510363206575,7.250731628046889,,,,,,,3.046791332214984,3.9389564902635312,,,,,,
0.05430113217286719,5.897185076843385,,,,,,,1.1240785760662477,2.102587038971564,,,,,,,2.034930061447409,7.228812930369806,,,,,,,3.0516344585539876,3.924881128544226,,,,,,
0.056565069150148244,5.859375657875552,,,,,,,1.125595135302121,2.087002824622602,,,,,,,2.0362131133699366,7.206894232692721,,,,,,,3.056862545253493,3.91080576682492,,,,,,
0.058758285803116865,5.821566238907719,,,,,,,1.1271893945185907,2.071418610273639,,,,,,,2.037515251185866,7.184975535015638,,,,,,,3.062350089711186,3.8967304051056146,,,,,,
0.060870202299386056,5.783756819939887,,,,,,,1.1288574220352952,2.055834395924677,,,,,,,2.0388642043978935,7.163056837338554,,,,,,,3.0679338968186283,3.8826550433863094,,,,,,
0.06289448157311313,5.745947400972054,,,,,,,1.1305891196712914,2.0402501815757144,,,,,,,2.0402978932200995,7.141138139661471,,,,,,,3.0734212059219512,3.868579681667004,,,,,,
0.0648292780960459,5.708137982004222,,,,,,,1.132368449117198,2.024665967226752,,,,,,,2.0418608823739572,7.119219441984387,,,,,,,3.0786033840353264,3.854504319947699,,,,,,
0.06667720892521319,5.670328563036389,,,,,,,1.1341738335813325,2.0090817528777896,,,,,,,2.043600087354026,7.0973007443073035,,,,,,,3.0832742829405135,3.8404289582283937,,,,,,
0.06844503279513639,5.6325191440685565,,,,,,,1.1359787636005387,1.9934975385288274,,,,,,,2.045560125265955,7.07538204663022,,,,,,,3.0872512515123525,3.8263535965090885,,,,,,
0.07014304416326535,5.594709725100723,,,,,,,1.137752641354228,1.9779133241798648,,,,,,,2.047778734995645,7.053463348953136,,,,,,,3.090395924548614,3.8122782347897832,,,,,,
0.07178421198603456,5.55690030613289,,,,,,,1.1394618952093605,1.9623291098309026,,,,,,,2.0502826802428835,7.031544651276053,,,,,,,3.0926315423083257,3.7982028730704775,,,,,,
0.07338311540271651,5.519090887165058,,,,,,,1.1410713839514708,1.94674489548194,,,,,,,2.053084497217493,7.0096259535989685,,,,,,,3.0939538544176024,3.784127511351172,,,,,,
0.07495474797947374,5.481281468197225,,,,,,,1.1425460880577905,1.9311606811329778,,,,,,,2.056180365826634,6.987707255921885,,,,,,,3.0944336235484444,3.7700521496318666,,,,,,
0.07651327632278596,5.443472049229393,,,,,,,1.1438530548854566,1.9155764667840152,,,,,,,2.0595492818127785,6.965788558244801,,,,,,,3.0942101819694217,3.7559767879125614,,,,,,
0.07807084572785483,5.40566263026156,,,,,,,1.1449635287702895,1.899992252435053,,,,,,,2.0631536007637985,6.943869860567718,,,,,,,3.0934770842869255,3.741901426193256,,,,,,
0.07963652383687654,5.367853211293727,,,,,,,1.145855160003181,1.8844080380860904,,,,,,,2.0669409237871723,6.921951162890634,,,,,,,3.092462272780238,3.727826064473951,,,,,,
0.0812154627712865,5.3300437923258945,,,,,,,1.1465141534713092,1.8688238237371282,,,,,,,2.070847204837873,6.900032465213551,,,,,,,3.091406017155021,3.7137507027546457,,,,,,
0.08280834167996741,5.2922343733580615,,,,,,,1.1469371935327262,1.8532396093881656,,,,,,,2.0748008821531947,6.878113767536467,,,,,,,3.0905400406724963,3.69967534103534,,,,,,
0.08441112695213632,5.254424954390229,,,,,,,1.1471329709559606,1.8376553950392034,,,,,,,2.0787277684239154,6.856195069859384,,,,,,,3.090070710502358,3.685599979316035,,,,,,
0.08601515914151561,5.216615535422396,,,,,,,1.1471231437596527,1.8220711806902408,,,,,,,2.0825563729936674,6.8342763721823,,,,,,,3.090168122232907,3.671524617596729,,,,,,
0.08760754707980221,5.178806116454563,,,,,,,1.1469425879873512,1.8064869663412786,,,,,,,2.086223273826909,6.812357674505217,,,,,,,3.0909616151257344,3.657449255877424,,,,,,
0.08917182392014987,5.140996697486731,,,,,,,1.1466388361761988,1.790902751992316,,,,,,,2.0896781114605707,6.790438976828133,,,,,,,3.0925410037985843,3.6433738941581186,,,,,,
0.09068879975737738,5.103187278518898,,,,,,,1.1462706576620623,1.7753185376433538,,,,,,,2.0928877514686737,6.7685202791510495,,,,,,,3.094961841721664,3.6292985324388134,,,,,,
0.09213753306012476,5.065377859551066,,,,,,,1.1459058010812262,1.7597343232943912,,,,,,,2.0958391698674483,6.746601581473966,,,,,,,3.0982524884833182,3.615223170719508,,,,,,
0.0934963394173308,5.027568440583233,,,,,,,1.1456179891850968,1.744150108945429,,,,,,,2.098540671348765,6.724682883796882,,,,,,,3.102420680684876,3.601147809000203,,,,,,
0.09474376089035881,4.9897590216153995,,,,,,,1.145483322321036,1.7285658945964664,,,,,,,2.10102116263076,6.702764186119799,,,,,,,3.1074576646862537,3.5870724472808977,,,,,,
0.09585943133011733,4.951949602647567,,,,,,,1.145576302655771,1.7129816802475042,,,,,,,2.103327372753027,6.680845488442715,,,,,,,3.1133386423247558,3.572997085561592,,,,,,
0.09682479026753517,4.914140183679734,,,,,,,1.1459657303431245,1.6973974658985416,,,,,,,2.1055191269534665,6.658926790765632,,,,,,,3.120019187472738,3.5589217238422868,,,,,,
0.09762361781532014,4.876330764711902,,,,,,,1.146710740939479,1.6818132515495794,,,,,,,2.107663016813958,6.637008093088548,,,,,,,3.12742828588257,3.544846362122981,,,,,,
0.09824238274035607,4.838521345744069,,,,,,,1.147857248237934,1.6662290372006168,,,,,,,2.1098250334918727,6.615089395411465,,,,,,,3.135459606194379,3.530771000403676,,,,,,
0.09867041310709074,4.800711926776236,,,,,,,1.1494350286173503,1.6506448228516546,,,,,,,2.112062906453284,6.593170697734381,,,,,,,3.1439633913211207,3.5166956386843706,,,,,,
0.09889991192541556,4.762902507808404,,,,,,,1.1514556347590836,1.635060608502692,,,,,,,2.1144189842218326,6.571252000057298,,,,,,,3.152741817165845,3.5026202769650654,,,,,,
0.09892584817960176,4.725093088840571,,,,,,,1.1539112631002284,1.6194763941537298,,,,,,,2.116914483801105,6.549333302380214,,,,,,,3.161550644262147,3.48854491524576,,,,,,
0.09874575647574682,4.6872836698727385,,,,,,,1.1567746271583879,1.6038921798047672,,,,,,,2.1195458147450523,6.5274146047031305,,,,,,,3.1701093602318635,3.474469553526455,,,,,,
0.09835947711237161,4.649474250904905,,,,,,,1.15999981515285,1.588307965455805,,,,,,,2.1222834631649405,6.505495907026047,,,,,,,3.178120735531226,3.4603941918071492,,,,,,
0.09776886398595608,4.611664831937072,,,,,,,1.1635240423506774,1.5727237511068424,,,,,,,2.1250736275405058,6.483577209348963,,,,,,,3.185298897848825,3.446318830087844,,,,,,
0.09697748195791628,4.57385541296924,,,,,,,1.167270152548821,1.5571395367578802,,,,,,,2.1278424714769204,6.46165851167188,,,,,,,3.1914029594623714,3.4322434683685383,,,,,,
0.09599030960808798,4.536045994001407,,,,,,,1.1711496836977573,1.5415553224089176,,,,,,,2.130502543748537,6.439739813994796,,,,,,,3.1962713532513636,3.418168106649233,,,,,,
0.09481345878929097,4.498236575033575,,,,,,,1.1750662923927857,1.525971108059955,,,,,,,2.132960656958559,6.417821116317712,,,,,,,3.19985085991499,3.404092744929928,,,,,,
0.09345391963565064,4.460427156065742,,,,,,,1.1789193309989747,1.5103868937109928,,,,,,,2.1351263487120993,6.395902418640628,,,,,,,3.202214277527898,3.3900173832106226,,,,,,
0.09191933861856422,4.422617737097909,,,,,,,1.1826073875050582,1.4948026793620302,,,,,,,2.1369199958527263,6.373983720963545,,,,,,,3.2035620046105198,3.3759420214913174,,,,,,
0.09021783731689753,4.3848083181300765,,,,,,,1.1860316279510343,1.479218465013068,,,,,,,2.1382797191922935,6.352065023286461,,,,,,,3.204205362054114,3.361866659772012,,,,,,
0.08835787985993976,4.3469988991622435,,,,,,,1.1890988193433492,1.4636342506641054,,,,,,,2.139166392384819,6.330146325609378,,,,,,,3.2045328145576235,3.3477912980527065,,,,,,
0.08634819651198802,4.309189480194411,,,,,,,1.1917239517765645,1.4480500363151432,,,,,,,2.139566327933317,6.308227627932294,,,,,,,3.2049636739287877,3.3337159363334012,,,,,,
0.08419776877064464,4.271380061226578,,,,,,,1.193832416734757,1.4324658219661806,,,,,,,2.1394915179763716,6.286308930255211,,,,,,,3.2058966072983432,3.3196405746140956,,,,,,
0.08191587721788532,4.233570642258746,,,,,,,1.1953617299656119,1.4168816076172184,,,,,,,2.138977613486645,6.264390232578127,,,,,,,3.207661684894987,3.3055652128947903,,,,,,
0.07951220729353918,4.195761223290913,,,,,,,1.1962628091570946,1.4012973932682558,,,,,,,2.1380800890073512,6.242471534901044,,,,,,,3.210484413636319,3.291489851175485,,,,,,
0.07699700080142373,4.157951804323081,,,,,,,1.1965008279777225,1.3857131789192936,,,,,,,2.1368692239777602,6.220552837223959,,,,,,,3.214468204856957,3.27741448945618,,,,,,
0.07438123340102522,4.120142385355248,,,,,,,1.1960556697798326,1.370128964570331,,,,,,,2.1354246115609925,6.198634139546876,,,,,,,3.2195983663330447,3.2633391277368746,,,,,,
0.0716767919209965,4.082332966387415,,,,,,,1.1949219988965707,1.3545447502213688,,,,,,,2.133829873917633,6.176715441869792,,,,,,,3.2257666209233244,3.2492637660175694,,,,,,
0.06889662138254075,4.044523547419582,,,,,,,1.1931089585543087,1.3389605358724062,,,,,,,2.1321681296115367,6.1547967441927085,,,,,,,3.2328111207493393,3.2351884042982637,,,,,,
0.0660548111922758,4.006714128451749,,,,,,,1.1906394959779938,1.323376321523444,,,,,,,2.1305185516620146,6.132878046515625,,,,,,,3.2405637348680565,3.2211130425789585,,,,,,
0.06316659360874687,3.968904709483917,,,,,,,1.187549311037085,1.3077921071744814,,,,,,,2.128954113310454,6.110959348838541,,,,,,,3.248894685403752,3.207037680859653,,,,,,
0.06024823522505246,3.9310952905160845,,,,,,,1.1838854276181563,1.2922078928255192,,,,,,,2.127540387751285,6.089040651161458,,,,,,,3.257744774671784,3.1929623191403476,,,,,,
0.05731681310798697,3.8932858715482515,,,,,,,1.1797043982849917,1.2766236784765566,,,,,,,2.1263350897962345,6.067121953484374,,,,,,,3.267137528297393,3.1788869574210423,,,,,,
0.05438988009779623,3.855476452580419,,,,,,,1.1750701725118664,1.2610394641275944,,,,,,,2.1253879526932717,6.045203255807291,,,,,,,3.277167267174766,3.164811595701737,,,,,,
0.05148503694288671,3.817667033612586,,,,,,,1.1700516850022675,1.2454552497786318,,,,,,,2.1247405362313874,6.023284558130207,,,,,,,3.2879637987007135,3.150736233982432,,,,,,
0.048619440654682544,3.7798576146447536,,,,,,,1.1647202500733385,1.2298710354296696,,,,,,,2.1244256573847498,6.001365860453124,,,,,,,3.2996392648743447,3.1366608722631266,,,,,,
0.045809287123185216,3.742048195676921,,,,,,,1.1591468765939794,1.214286821080707,,,,,,,2.12446629829657,5.97944716277604,,,,,,,3.3122268113616773,3.1225855105438214,,,,,,
0.04306931045389983,3.704238776709088,,,,,,,1.1533996409868026,1.1987026067317448,,,,,,,2.124874041215437,5.957528465098957,,,,,,,3.325623331111266,3.1085101488245157,,,,,,
0.04041234108353835,3.6664293577412552,,,,,,,1.147541269167702,1.1831183923827822,,,,,,,2.1256472632731964,5.935609767421873,,,,,,,3.339548981325228,3.0944347871052105,,,,,,
0.037848959585956514,3.6286199387734226,,,,,,,1.1416270788140108,1.16753417803382,,,,,,,2.126769456160986,5.9136910697447895,,,,,,,3.353534191825045,3.080359425385905,,,,,,
0.03538727391062671,3.59081051980559,,,,,,,1.135703419322305,1.1519499636848574,,,,,,,2.1282080886155303,5.891772372067706,,,,,,,3.3669406084208013,3.0662840636665996,,,,,,
0.033032835834854384,3.5530011008377573,,,,,,,1.1298067183256673,1.1363657493358947,,,,,,,2.129914392025204,5.8698536743906224,,,,,,,3.3790164360875323,3.0522087019472943,,,,,,
0.03078869920245776,3.5151916818699243,,,,,,,1.1239632026160997,1.1207815349869326,,,,,,,2.131824329362689,5.847934976713539,,,,,,,3.3889799779977547,3.038133340227989,,,,,,
0.02865560968979369,3.4773822629020916,,,,,,,1.1181893113400643,1.10519732063797,,,,,,,2.133860830124584,5.826016279036455,,,,,,,3.3961191110368114,3.024057978508684,,,,,,
0.026632304858541896,3.439572843934259,,,,,,,1.1124927652201748,1.0896131062890078,,,,,,,2.135937175659903,5.804097581359372,,,,,,,3.3998903406063743,3.0099826167893786,,,,,,
0.02471589525681604,3.4017634249664264,,,,,,,1.106874202781251,1.0740288919400451,,,,,,,2.1379612405561623,5.782178883682288,,,,,,,3.4,2.995907255070073,,,,,,
0.02290229298436991,3.3639540059985937,,,,,,,1.1013292485999182,1.058444677591083,,,,,,,2.139840172186417,5.760260186005205,,,,,,,3.3964525707794224,2.9818318933507677,,,,,,
0.02118665360190467,3.326144587030761,,,,,,,1.095850844268109,1.0428604632421203,,,,,,,2.1414850455356316,5.738341488328121,,,,,,,3.3895566798847856,2.967756531631462,,,,,,
0.019563800218618782,3.288335168062928,,,,,,,1.0904316536417267,1.0272762488931582,,,,,,,2.142815070655596,5.716422790651038,,,,,,,3.3798869790971464,2.953681169912157,,,,,,
0.018028604334545076,3.2505257490950954,,,,,,,1.085066351966872,1.0116920345441955,,,,,,,2.1437610442932713,5.694504092973954,,,,,,,3.368208200181159,2.9396058081928516,,,,,,
0.016576305600564025,3.2127163301272628,,,,,,,1.079753623711678,0.9961078201952333,,,,,,,2.1442678988959476,5.672585395296871,,,,,,,3.3553744482735173,2.9255304464735463,,,,,,
0.015202761056751283,3.17490691115943,,,,,,,1.0744977246210778,0.9805236058462709,,,,,,,2.1442963753028073,5.650666697619786,,,,,,,3.342220821680982,2.911455084754241,,,,,,
0.013904622642777715,3.1370974921915975,,,,,,,1.0693095062988203,0.9649393914973085,,,,,,,2.143823992069307,5.628747999942703,,,,,,,3.3294649876795956,2.897379723034936,,,,,,
0.012679449036722253,3.0992880732237644,,,,,,,1.0642068519764691,0.949355177148346,,,,,,,2.142845572630146,5.606829302265619,,,,,,,3.3176334927278677,2.88330436131563,,,,,,
0.01152576360610378,3.061478654255932,,,,,,,1.0592145248949791,0.9337709627993837,,,,,,,2.1413736021112526,5.5849106045885355,,,,,,,3.307022178774858,2.869228999596325,,,,,,
0.010443074146418208,3.023669235288099,,,,,,,1.0543634807091677,0.9181867484504213,,,,,,,2.1394386159420034,5.562991906911452,,,,,,,3.2976934279995214,2.8551536378770193,,,,,,
0.009431872081078258,2.9858598163202665,,,,,,,1.0496897378744232,0.9026025341014589,,,,,,,2.137089687243333,5.541073209234368,,,,,,,3.2895065025811805,2.841078276157714,,,,,,
0.008493629036804723,2.948050397352434,,,,,,,1.045232931447936,0.8870183197524965,,,,,,,2.1343949086182,5.519154511557285,,,,,,,3.282172213007154,2.827002914438409,,,,,,
0.0076308074453448616,2.9102409783846013,,,,,,,1.0410346938390895,0.871434105403534,,,,,,,2.131441594731089,5.497235813880201,,,,,,,3.275320326651155,2.8129275527191036,,,,,,
0.006846899358283968,2.872431559416768,,,,,,,1.0371370099817188,0.8558498910545717,,,,,,,2.128335804706783,5.475317116203118,,,,,,,3.268567762251588,2.7988521909997983,,,,,,
0.006146504283220911,2.8346221404489356,,,,,,,1.0335806848544078,0.8402656767056093,,,,,,,2.1252007313479058,5.453398418526034,,,,,,,3.261577426485597,2.784776829280493,,,,,,
0.0055354527841545015,2.796812721481103,,,,,,,1.0304040402039696,0.8246814623566469,,,,,,,2.1221735478600365,5.431479720848951,,,,,,,3.2541008550052033,2.7707014675611874,,,,,,
0.005020977986311789,2.7590033025132703,,,,,,,1.0276419276519948,0.8090972480076845,,,,,,,2.1194004451805286,5.409561023171867,,,,,,,3.2460017272255173,2.756626105841882,,,,,,
0.004611932064014268,2.7211938835454377,,,,,,,1.0253251105661554,0.7935130336587221,,,,,,,2.117029818567294,5.387642325494784,,,,,,,3.2372609400803136,2.742550744122577,,,,,,
0.004319039303280131,2.6833844645776046,,,,,,,1.0234800307776561,0.7779288193097597,,,,,,,2.115203838923811,5.365723627817699,,,,,,,3.2279665637072155,2.7284753824032713,,,,,,
0.00415517144982138,2.645575045609772,,,,,,,1.022128941790903,0.7623446049607973,,,,,,,2.1140489294224887,5.343804930140616,,,,,,,3.2182933191428527,2.714400020683966,,,,,,
0.00413562485505949,2.6077656266419393,,,,,,,1.0212903603531414,0.7467603906118347,,,,,,,2.1136659145057863,5.321886232463532,,,,,,,3.2084762594894354,2.700324658964661,,,,,,
0.004278372588552665,2.5699562076741067,,,,,,,1.0209797651264099,0.7311761762628723,,,,,,,2.114120773591841,5.2999675347864486,,,,,,,3.1987824675773986,2.6862492972453555,,,,,,
0.004604258498494457,2.532146788706274,,,,,,,1.0212104558244517,0.71559196191391,,,,,,,2.115436984479145,5.278048837109365,,,,,,,3.1894833392285027,2.6721739355260503,,,,,,
0.005137094633732459,2.494337369738441,,,,,,,1.0219944787386532,0.7000077475649475,,,,,,,2.1175903668912612,5.2561301394322815,,,,,,,3.1808289175816564,2.6580985738067446,,,,,,
0.005903619113669816,2.4565279507706084,,,,,,,1.0233435244825253,0.6844235332159851,,,,,,,2.1205071392746415,5.234211441755198,,,,,,,3.1730251189471805,2.6440232120874394,,,,,,
0.006933269210316351,2.4187185318027757,,,,,,,1.025269709825921,0.6688393188670227,,,,,,,2.124065604631539,5.212292744078114,,,,,,,3.1662146236272037,2.629947850368134,,,,,,
0.008257724946736293,2.380909112834943,,,,,,,1.027786166081406,0.6532551045180603,,,,,,,2.128101521226936,5.190374046401031,,,,,,,3.1604625296209417,2.6158724886488285,,,,,,
0.00991018279127061,2.3430996938671105,,,,,,,1.0309073699335465,0.6376708901690978,,,,,,,2.132416837564797,5.168455348723947,,,,,,,3.1557482623644058,2.6017971269295233,,,,,,
0.01192432782092558,2.3052902748992774,,,,,,,1.0346491672757474,0.6220866758201354,,,,,,,2.136791125895468,5.146536651046864,,,,,,,3.1519653543823365,2.587721765210218,,,,,,
0.01433298660604836,2.2674808559314448,,,,,,,1.0390284552824058,0.606502461471173,,,,,,,2.140994777245425,5.12461795336978,,,,,,,3.1489303083656957,2.573646403490913,,,,,,
0.017166462237660957,2.229671436963612,,,,,,,1.044062501834943,0.5909182471222106,,,,,,,2.144802855040436,5.102699255692697,,,,,,,3.1464007697805707,2.5595710417716075,,,,,,
0.02045057708386598,2.1918620179957795,,,,,,,1.0497678943577173,0.5753340327732482,,,,,,,2.1480084603983056,5.080780558015613,,,,,,,3.1441017992218474,2.545495680052302,,,,,,
0.02420447710881705,2.154052599027947,,,,,,,1.0561591225007434,0.5597498184242858,,,,,,,2.1504345403098473,5.05886186033853,,,,,,,3.141757458924679,2.5314203183329966,,,,,,
0.02843828231161002,2.116243180060114,,,,,,,1.0632468118080467,0.5441656040753234,,,,,,,2.1519432550358757,5.036943162661446,,,,,,,3.1391236097657313,2.5173449566136914,,,,,,
0.03315069874469896,2.078433761092281,,,,,,,1.0710356397002725,0.528581389726361,,,,,,,2.1524422856528624,5.0150244649843625,,,,,,,3.1360171340063214,2.5032695948943857,,,,,,
0.038326735750754265,2.0406243421244485,,,,,,,1.0795219819642645,0.5129971753773986,,,,,,,2.151887771583649,4.993105767307279,,,,,,,3.1323370078485624,2.4891942331750805,,,,,,
0.04393569420378751,2.002814923156616,,,,,,,1.088691358364664,0.49741296102843624,,,,,,,2.15028388351887,4.971187069630195,,,,,,,3.1280737928184204,2.4751188714557752,,,,,,
0.04992960423588334,1.9650055041887833,,,,,,,1.098515770222749,0.48182874667947384,,,,,,,2.1476793244749643,4.949268371953112,,,,,,,3.1233060079061183,2.46104350973647,,,,,,
0.056242291031236694,1.9271960852209502,,,,,,,1.108951050171491,0.46624453233051144,,,,,,,2.1441612829946317,4.927349674276028,,,,,,,3.1181841002437527,2.446968148017165,,,,,,
0.06278923234105217,1.8893866662531176,,,,,,,1.1199343730058309,0.45066031798154904,,,,,,,2.139847519721083,4.905430976598945,,,,,,,3.1129048648075246,2.4328927862978595,,,,,,
0.06946834012677212,1.851577247285285,,,,,,,1.1313821036683815,0.43507610363258653,,,,,,,2.1348773448031197,4.88351227892186,,,,,,,3.107680713401414,2.418817424578554,,,,,,
0.0761617513980601,1.8137678283174523,,,,,,,1.1431881800201271,0.41949188928362413,,,,,,,2.129402242171045,4.861593581244777,,,,,,,3.102708846311801,2.4047420628592486,,,,,,
0.08273865184984742,1.7759584093496197,,,,,,,1.1552232396023274,0.40390767493466173,,,,,,,2.1235768292355997,4.839674883567693,,,,,,,3.098145044431983,2.3906667011399434,,,,,,
0.08905908409469424,1.7381489903817866,,,,,,,1.1673346965030138,0.38832346058569933,,,,,,,2.117550723802457,4.81775618589061,,,,,,,3.0940856152143565,2.3765913394206377,,,,,,
0.09497861553396553,1.700339571413954,,,,,,,1.179347952747028,0.37273924623673693,,,,,,,2.1114617427998885,4.795837488213526,,,,,,,3.090559311467158,2.3625159777013325,,,,,,
0.10035366583060264,1.6625301524461213,,,,,,,1.1910688857741714,0.35715503188777453,,,,,,,2.1054306979067134,4.773918790536443,,,,,,,3.087529201495747,2.3484406159820272,,,,,,
0.10504722774914539,1.6247207334782887,,,,,,,1.202287689076709,0.34157081753881213,,,,,,,2.099557896865621,4.752000092859359,,,,,,,3.084902886432715,2.334365254262722,,,,,,
0.10893466485135642,1.586911314510456,,,,,,,1.2127840590353747,0.32598660318984973,,,,,,,2.0939213182441097,4.7300813951822755,,,,,,,3.082548414246481,2.3202898925434168,,,,,,
0.11190924120921773,1.5491018955426235,,,,,,,1.22233362230482,0.31040238884088733,,,,,,,2.0885763102823978,4.708162697505192,,,,,,,3.08031285332878,2.306214530824111,,,,,,
0.11388703616604741,1.5112924765747904,,,,,,,1.2307153922506062,0.29481817449192493,,,,,,,2.0835565768981454,4.6862439998281085,,,,,,,3.0780407227323923,2.292139169104806,,,,,,
0.1148109230793059,1.4734830576069577,,,,,,,1.2377199394675849,0.27923396014296253,,,,,,,2.0788761591031237,4.664325302151025,,,,,,,3.075590159427175,2.2780638073855006,,,,,,
0.11465334398395176,1.4356736386391251,,,,,,,1.2431578709564641,0.26364974579400013,,,,,,,2.0745320989898093,4.642406604473941,,,,,,,3.0728455877835685,2.263988445666195,,,,,,
0.11341768848192309,1.3978642196712925,,,,,,,1.2468681456440371,0.24806553144503768,,,,,,,2.0705074846046068,4.620487906796858,,,,,,,3.069726489063647,2.2499130839468897,,,,,,
0.11113817864617666,1.3600548007034599,,,,,,,1.2487257197219537,0.23248131709607528,,,,,,,2.0667746131482487,4.598569209119774,,,,,,,3.066192455754385,2.2358377222275845,,,,,,
0.10787826420158098,1.3222453817356268,,,,,,,1.2486480201850256,0.21689710274711288,,,,,,,2.063298069664237,4.576650511442691,,,,,,,3.062244971838456,2.2217623605082792,,,,,,
0.10372763457450603,1.2844359627677941,,,,,,,1.2465997917179164,0.20131288839815048,,,,,,,2.0600375885621087,4.554731813765607,,,,,,,3.0579263227480347,2.207686998788974,,,,,,
0.09879804744673173,1.2466265437999615,,,,,,,1.242595949168394,0.18572867404918803,,,,,,,2.056950634213023,4.532813116088523,,,,,,,3.053315843568839,2.1936116370696683,,,,,,
0.09321824906743734,1.2088171248321289,,,,,,,1.2367021893574026,0.17014445970022563,,,,,,,2.0539946929634767,4.510894418411439,,,,,,,3.048523539782,2.179536275350363,,,,,,
0.08712831350965916,1.1710077058642963,,,,,,,1.2290332621373024,0.15456024535126323,,,,,,,2.0511293033238522,4.488975720734356,,,,,,,3.043681114006943,2.165460913631058,,,,,,
0.08067375256194212,1.1331982868964634,,,,,,,1.2197489587638968,0.13897603100230083,,,,,,,2.0483178595415183,4.467057023057272,,,,,,,3.0389306730533487,2.151385551911752,,,,,,
0.07399974411451116,1.0953888679286305,,,,,,,1.209048031636561,0.12339181665333843,,,,,,,2.0455292078675003,4.445138325380189,,,,,,,3.034411829916573,2.137310190192447,,,,,,
0.06724579662988182,1.057579448960798,,,,,,,1.1971603992058608,0.10780760230437603,,,,,,,2.0427390219091013,4.423219627703105,,,,,,,3.0302484178638367,2.1232348284731417,,,,,,
0.06054111492400208,1.0197700299929653,,,,,,,1.1843381009287082,0.09222338795541357,,,,,,,2.039930905018889,4.4013009300260215,,,,,,,3.026536416166435,2.1091594667538365,,,,,,
0.054000864190988235,0.9819606110251325,,,,,,,1.170845540163599,0.07663917360645117,,,,,,,2.0370971366366817,4.379382232348938,,,,,,,3.0233347875689223,2.0950841050345312,,,,,,
0.04772345217667637,0.9441511920572998,,,,,,,1.1569495824238054,0.06105495925748877,,,,,,,2.034238967082604,4.357463534671854,,,,,,,3.020660661871692,2.0810087433152256,,,,,,
0.04178887101926377,0.9063417730894671,,,,,,,1.1429100614718943,0.04547074490852637,,,,,,,2.0313663781774434,4.335544836994771,,,,,,,3.0184896900631957,2.0669333815959203,,,,,,
0.036258067294517325,0.8685323541216344,,,,,,,1.1289711897328178,0.029886530559563973,,,,,,,2.0284972657093547,4.313626139317687,,,,,,,3.0167615611813132,2.052858019876615,,,,,,
0.03117324674115159,0.8307229351538017,,,,,,,1.1153542795807319,0.014302316210601573,,,,,,,2.0256560582882073,4.291707441640604,,,,,,,3.01538980442065,2.03878265815731,,,,,,
0.02655897283121334,0.792913516185969,,,,,,,1.1022520681432444,-0.001281898138360854,,,,,,,2.022871854711109,4.26978874396352,,,,,,,3.0142742869385675,2.024707296438004,,,,,,
0.02242388775636117,0.7551040972181362,,,,,,,1.089824811817904,-0.016866112487323254,,,,,,,2.020176225424329,4.247870046286437,,,,,,,3.0133144167665877,2.010631934718699,,,,,,
0.01876287067204453,0.7172946782503035,,,,,,,1.0781981893669241,-0.03245032683628568,,,,,,,2.017600870504951,4.225951348609353,,,,,,,3.0124210458166294,1.9965565729993937,,,,,,
0.015559449754735048,0.6794852592824708,,,,,,,1.067462934887217,-0.04803454118524808,,,,,,,2.0151753477108025,4.20403265093227,,,,,,,3.0115254248875285,1.9824812112800883,,,,,,
0.012788299173184525,0.6416758403146381,,,,,,,1.0576760227790973,-0.06361875553421048,,,,,,,2.012925075682652,4.182113953255186,,,,,,,3.010584195053571,1.968405849560783,,,,,,
0.01041767611311278,0.6038664213468053,,,,,,,1.0488631520348548,-0.07920296988317291,,,,,,,2.0108697811775365,4.1601952555781025,,,,,,,3.0095801601509304,1.9543304878414776,,,,,,
0.008411682914818079,0.5660570023789726,,,,,,,1.041022229772208,-0.09478718423213531,,,,,,,2.009022502071355,4.138276557901019,,,,,,,3.0085193114738695,1.9402551261221723,,,,,,
0.006732271711266377,0.52824758341114,,,,,,,1.0341275341166345,-0.11037139858109771,,,,,,,2.0073891898081513,4.1163578602239355,,,,,,,3.0074251297093886,1.9261797644028669,,,,,,
0.005340940671004987,0.49043816444330723,,,,,,,1.028134241972878,-0.12595561293006013,,,,,,,2.005968887000674,4.094439162546851,,,,,,,3.006331483565846,1.9121044026835616,,,,,,
0.00420009969697856,0.4526287454754745,,,,,,,1.022983033706786,-0.14153982727902253,,,,,,,2.004754397852962,4.0725204648697675,,,,,,,3.0052754574819533,1.8980290409642562,,,,,,
0.00327410760356541,0.4148193265076418,,,,,,,1.0186045288805552,-0.15712404162798493,,,,,,,2.003733328043724,4.050601767192684,,,,,,,3.0042912121307825,1.883953679244951,,,,,,
0.0025300015304033485,0.3770099075398091,,,,,,,1.0149233590700917,-0.17270825597694733,,,,,,,2.002889350100502,4.0286830695156,,,,,,,3.0034055956851384,1.8698783175256455,,,,,,
0.001937952454391316,0.3392004885719764,,,,,,,1.0118617397358944,-0.18829247032590976,,,,,,,2.002203549860204,4.006764371838517,,,,,,,3.0026357845410496,1.8558029558063402,,,,,,
0.0014714884583415814,0.30139106960414364,,,,,,,1.009342458094873,-0.20387668467487216,,,,,,,2.001655726088832,3.9848456741614333,,,,,,,3.0019888355262836,1.8417275940870348,,,,,,
0.0011075306023979167,0.26358165063631095,,,,,,,1.0072912439547204,-0.21946089902383456,,,,,,,2.0012255435285518,3.9629269764843498,,,,,,,3.00146274580982,1.8276522323677296,,,,,,
0.0008262857306586928,0.22577223166847823,,,,,,,1.0056385327317912,-0.235045113372797,,,,,,,2.0008934736452364,3.9410082788072662,,,,,,,3.0010484721383897,1.813576870648424,,,,,,
0.0006110373120750718,0.18796281270064552,,,,,,,1.0043206628025396,-0.2506293277217594,,,,,,,2.0006414916302417,3.9190895811301827,,,,,,,3.00073235129571,1.7995015089291189,,,,,,
0.0006110373120750718,0.18796281270064552,,,,,,,1.0043206628025396,-0.2506293277217594,,,,,,,2.0006414916302417,3.9190895811301827,,,,,,,3.00073235129571,1.7995015089291189,,,,,,
